id,streamer,count,timestamp
1,esl_lol,0,2015-03-13T05:46:29
1,esl_lol,1652,2015-03-13T05:47:30
1,esl_lol,1872,2015-03-13T05:48:31
1,esl_lol,2374,2015-03-13T05:49:32
1,esl_lol,2487,2015-03-13T05:50:32
1,esl_lol,2782,2015-03-13T05:51:33
1,esl_lol,3495,2015-03-13T05:52:34
1,esl_lol,3777,2015-03-13T05:53:35
1,esl_lol,3777,2015-03-13T05:54:36
1,esl_lol,4582,2015-03-13T05:55:37
1,esl_lol,5085,2015-03-13T05:56:38
1,esl_lol,5380,2015-03-13T05:57:39
1,esl_lol,5429,2015-03-13T05:58:40
1,esl_lol,5558,2015-03-13T05:59:41
1,esl_lol,5769,2015-03-13T06:00:42
1,esl_lol,6198,2015-03-13T06:01:43
1,esl_lol,6580,2015-03-13T06:02:43
1,esl_lol,7001,2015-03-13T06:03:44
1,esl_lol,7150,2015-03-13T06:04:45
1,esl_lol,7272,2015-03-13T06:05:46
1,esl_lol,7599,2015-03-13T06:06:46
1,esl_lol,9643,2015-03-13T06:07:47
1,esl_lol,8173,2015-03-13T06:08:48
1,esl_lol,10372,2015-03-13T06:09:49
1,esl_lol,10637,2015-03-13T06:10:50
1,esl_lol,9486,2015-03-13T06:11:51
1,esl_lol,9688,2015-03-13T06:12:52
1,esl_lol,9886,2015-03-13T06:13:53
1,esl_lol,12136,2015-03-13T06:14:54
1,esl_lol,12370,2015-03-13T06:15:54
1,esl_lol,13030,2015-03-13T06:16:55
1,esl_lol,13266,2015-03-13T06:17:56
1,esl_lol,13643,2015-03-13T06:18:57
1,esl_lol,13976,2015-03-13T06:19:58
1,esl_lol,14569,2015-03-13T06:20:59
1,esl_lol,14767,2015-03-13T06:22:00
1,esl_lol,15017,2015-03-13T06:23:00
1,esl_lol,15458,2015-03-13T06:24:01
1,esl_lol,16249,2015-03-13T06:25:02
1,esl_lol,16525,2015-03-13T06:26:03
1,esl_lol,17025,2015-03-13T06:27:04
1,esl_lol,17003,2015-03-13T06:28:06
1,esl_lol,17642,2015-03-13T06:29:07
1,esl_lol,18016,2015-03-13T06:30:08
1,esl_lol,19586,2015-03-13T06:31:09
1,esl_lol,20731,2015-03-13T06:32:10
1,esl_lol,21252,2015-03-13T06:33:11
1,esl_lol,21993,2015-03-13T06:34:12
1,esl_lol,23049,2015-03-13T06:35:13
1,esl_lol,24392,2015-03-13T06:36:14
1,esl_lol,25517,2015-03-13T06:37:14
1,esl_lol,25517,2015-03-13T06:38:15
1,esl_lol,27557,2015-03-13T06:39:16
1,esl_lol,30516,2015-03-13T06:40:17
1,esl_lol,30516,2015-03-13T06:41:18
1,esl_lol,32366,2015-03-13T06:42:18
1,esl_lol,35080,2015-03-13T06:43:19
1,esl_lol,36559,2015-03-13T06:44:20
1,esl_lol,40535,2015-03-13T06:45:21
1,esl_lol,44844,2015-03-13T06:46:22
1,esl_lol,46290,2015-03-13T06:47:23
1,esl_lol,46290,2015-03-13T06:48:24
1,esl_lol,54716,2015-03-13T06:49:25
1,esl_lol,54716,2015-03-13T06:50:26
1,esl_lol,59268,2015-03-13T06:51:27
1,esl_lol,59268,2015-03-13T06:52:27
1,esl_lol,63814,2015-03-13T06:53:28
1,esl_lol,63814,2015-03-13T06:54:30
1,esl_lol,69817,2015-03-13T06:55:30
1,esl_lol,70694,2015-03-13T06:56:31
1,esl_lol,73975,2015-03-13T06:57:32
1,esl_lol,76122,2015-03-13T06:58:33
1,esl_lol,77722,2015-03-13T06:59:34
1,esl_lol,79809,2015-03-13T07:00:35
1,esl_lol,82145,2015-03-13T07:01:35
1,esl_lol,84886,2015-03-13T07:02:36
1,esl_lol,87731,2015-03-13T07:03:37
1,esl_lol,90379,2015-03-13T07:04:38
1,esl_lol,92509,2015-03-13T07:05:39
1,esl_lol,92509,2015-03-13T07:06:40
1,esl_lol,101861,2015-03-13T07:07:41
1,esl_lol,107814,2015-03-13T07:08:42
1,esl_lol,110220,2015-03-13T07:09:43
1,esl_lol,110220,2015-03-13T07:10:44
1,esl_lol,113218,2015-03-13T07:11:45
1,esl_lol,115506,2015-03-13T07:12:46
1,esl_lol,118238,2015-03-13T07:13:47
1,esl_lol,119430,2015-03-13T07:14:48
1,esl_lol,122468,2015-03-13T07:15:49
1,esl_lol,124267,2015-03-13T07:16:49
1,esl_lol,126236,2015-03-13T07:17:50
1,esl_lol,126236,2015-03-13T07:18:51
1,esl_lol,128897,2015-03-13T07:19:52
1,esl_lol,131589,2015-03-13T07:20:53
1,esl_lol,133267,2015-03-13T07:21:54
1,esl_lol,137693,2015-03-13T07:22:55
1,esl_lol,139265,2015-03-13T07:23:56
1,esl_lol,141033,2015-03-13T07:24:56
1,esl_lol,142801,2015-03-13T07:25:57
1,esl_lol,144913,2015-03-13T07:26:58
1,esl_lol,145896,2015-03-13T07:28:00
1,esl_lol,148041,2015-03-13T07:29:00
1,esl_lol,148242,2015-03-13T07:30:01
1,esl_lol,148242,2015-03-13T07:31:02
1,esl_lol,149695,2015-03-13T07:32:03
1,esl_lol,151647,2015-03-13T07:33:04
1,esl_lol,151728,2015-03-13T07:34:04
1,esl_lol,151785,2015-03-13T07:35:06
1,esl_lol,153196,2015-03-13T07:36:06
1,esl_lol,153676,2015-03-13T07:37:07
1,esl_lol,154611,2015-03-13T07:38:08
1,esl_lol,155459,2015-03-13T07:39:09
1,esl_lol,157131,2015-03-13T07:40:10
1,esl_lol,157866,2015-03-13T07:41:11
1,esl_lol,158723,2015-03-13T07:42:12
1,esl_lol,159454,2015-03-13T07:43:13
1,esl_lol,159454,2015-03-13T07:44:14
1,esl_lol,161722,2015-03-13T07:45:15
1,esl_lol,161722,2015-03-13T07:46:16
1,esl_lol,163747,2015-03-13T07:47:17
1,esl_lol,163877,2015-03-13T07:48:18
1,esl_lol,164337,2015-03-13T07:49:19
1,esl_lol,164337,2015-03-13T07:50:20
1,esl_lol,162119,2015-03-13T07:51:20
1,esl_lol,154913,2015-03-13T07:52:21
1,esl_lol,151150,2015-03-13T07:53:22
1,esl_lol,150100,2015-03-13T07:54:23
1,esl_lol,149652,2015-03-13T07:55:24
1,esl_lol,149231,2015-03-13T07:56:25
1,esl_lol,149581,2015-03-13T07:57:26
1,esl_lol,149993,2015-03-13T07:58:26
1,esl_lol,150387,2015-03-13T07:59:28
1,esl_lol,151114,2015-03-13T08:00:28
1,esl_lol,150190,2015-03-13T08:01:30
1,esl_lol,150100,2015-03-13T08:02:31
1,esl_lol,147834,2015-03-13T08:03:31
1,esl_lol,146718,2015-03-13T08:04:32
1,esl_lol,146969,2015-03-13T08:05:33
1,esl_lol,147296,2015-03-13T08:06:34
1,esl_lol,145556,2015-03-13T08:07:35
1,esl_lol,137254,2015-03-13T08:08:36
1,esl_lol,136619,2015-03-13T08:09:37
1,esl_lol,136619,2015-03-13T08:10:38
1,esl_lol,135704,2015-03-13T08:11:39
1,esl_lol,135704,2015-03-13T08:12:39
1,esl_lol,139752,2015-03-13T08:13:41
1,esl_lol,145852,2015-03-13T08:14:42
1,esl_lol,147866,2015-03-13T08:15:43
1,esl_lol,150018,2015-03-13T08:16:43
1,esl_lol,152688,2015-03-13T08:17:44
1,esl_lol,157092,2015-03-13T08:18:45
1,esl_lol,158224,2015-03-13T08:19:46
1,esl_lol,158903,2015-03-13T08:20:47
1,esl_lol,161986,2015-03-13T08:21:48
1,esl_lol,163535,2015-03-13T08:22:49
1,esl_lol,164454,2015-03-13T08:23:50
1,esl_lol,165849,2015-03-13T08:24:51
1,esl_lol,165849,2015-03-13T08:25:52
1,esl_lol,168368,2015-03-13T08:26:53
1,esl_lol,169420,2015-03-13T08:27:54
1,esl_lol,170240,2015-03-13T08:28:55
1,esl_lol,170240,2015-03-13T08:29:56
1,esl_lol,172421,2015-03-13T08:30:57
1,esl_lol,175798,2015-03-13T08:31:57
1,esl_lol,176702,2015-03-13T08:32:58
1,esl_lol,178287,2015-03-13T08:34:00
1,esl_lol,178801,2015-03-13T08:35:01
1,esl_lol,180500,2015-03-13T08:36:01
1,esl_lol,181378,2015-03-13T08:37:03
1,esl_lol,181738,2015-03-13T08:38:03
1,esl_lol,181909,2015-03-13T08:39:04
1,esl_lol,184636,2015-03-13T08:40:05
1,esl_lol,188413,2015-03-13T08:41:06
1,esl_lol,190536,2015-03-13T08:42:07
1,esl_lol,190536,2015-03-13T08:43:08
1,esl_lol,194564,2015-03-13T08:44:09
1,esl_lol,197110,2015-03-13T08:45:10
1,esl_lol,198597,2015-03-13T08:46:11
1,esl_lol,200356,2015-03-13T08:47:12
1,esl_lol,201941,2015-03-13T08:48:13
1,esl_lol,203902,2015-03-13T08:49:13
1,esl_lol,203902,2015-03-13T08:50:14
1,esl_lol,206646,2015-03-13T08:51:15
1,esl_lol,207089,2015-03-13T08:52:16
1,esl_lol,207949,2015-03-13T08:53:17
1,esl_lol,209746,2015-03-13T08:54:18
1,esl_lol,215900,2015-03-13T08:55:19
1,esl_lol,218386,2015-03-13T08:56:20
1,esl_lol,219940,2015-03-13T08:57:21
1,esl_lol,219700,2015-03-13T08:58:22
1,esl_lol,219071,2015-03-13T08:59:23
1,esl_lol,219040,2015-03-13T09:00:23
1,esl_lol,218329,2015-03-13T09:01:24
1,esl_lol,220687,2015-03-13T09:02:25
1,esl_lol,220687,2015-03-13T09:03:26
1,esl_lol,220796,2015-03-13T09:04:27
1,esl_lol,220796,2015-03-13T09:05:28
1,esl_lol,222690,2015-03-13T09:06:29
1,esl_lol,221030,2015-03-13T09:07:30
1,esl_lol,219137,2015-03-13T09:08:31
1,esl_lol,218144,2015-03-13T09:09:32
1,esl_lol,216055,2015-03-13T09:10:33
1,esl_lol,215760,2015-03-13T09:11:34
1,esl_lol,215950,2015-03-13T09:12:35
1,esl_lol,215326,2015-03-13T09:13:36
1,esl_lol,215462,2015-03-13T09:14:37
1,esl_lol,216314,2015-03-13T09:15:38
1,esl_lol,216314,2015-03-13T09:16:39
1,esl_lol,217498,2015-03-13T09:17:39
1,esl_lol,217370,2015-03-13T09:18:40
1,esl_lol,218056,2015-03-13T09:19:41
1,esl_lol,218108,2015-03-13T09:20:42
1,esl_lol,218613,2015-03-13T09:21:43
1,esl_lol,219094,2015-03-13T09:22:44
1,esl_lol,203839,2015-03-13T09:23:45
1,esl_lol,199700,2015-03-13T09:24:46
1,esl_lol,194164,2015-03-13T09:25:49
1,esl_lol,189480,2015-03-13T09:26:50
1,esl_lol,187989,2015-03-13T09:27:50
1,esl_lol,184701,2015-03-13T09:28:51
1,esl_lol,183344,2015-03-13T09:29:52
1,esl_lol,182424,2015-03-13T09:30:53
1,esl_lol,180212,2015-03-13T09:31:54
1,esl_lol,180212,2015-03-13T09:32:55
1,esl_lol,179827,2015-03-13T09:33:56
1,esl_lol,179459,2015-03-13T09:34:56
1,esl_lol,179828,2015-03-13T09:35:58
1,esl_lol,179153,2015-03-13T09:36:58
1,esl_lol,178061,2015-03-13T09:38:00
1,esl_lol,177521,2015-03-13T09:39:01
1,esl_lol,176706,2015-03-13T09:40:01
1,esl_lol,176604,2015-03-13T09:41:02
1,esl_lol,176350,2015-03-13T09:42:03
1,esl_lol,173421,2015-03-13T09:43:04
1,esl_lol,171734,2015-03-13T09:44:05
1,esl_lol,172085,2015-03-13T09:45:06
1,esl_lol,173779,2015-03-13T09:46:07
1,esl_lol,177224,2015-03-13T09:47:08
1,esl_lol,177224,2015-03-13T09:48:09
1,esl_lol,183347,2015-03-13T09:49:10
1,esl_lol,183405,2015-03-13T09:50:11
1,esl_lol,185783,2015-03-13T09:51:12
1,esl_lol,190037,2015-03-13T09:52:13
1,esl_lol,191270,2015-03-13T09:53:14
1,esl_lol,192296,2015-03-13T09:54:15
1,esl_lol,194799,2015-03-13T09:55:16
1,esl_lol,198937,2015-03-13T09:56:17
1,esl_lol,201022,2015-03-13T09:57:18
1,esl_lol,202100,2015-03-13T09:58:19
1,esl_lol,203222,2015-03-13T09:59:20
1,esl_lol,206954,2015-03-13T10:00:20
1,esl_lol,208170,2015-03-13T10:01:21
1,esl_lol,212113,2015-03-13T10:02:22
1,esl_lol,208224,2015-03-13T10:03:23
1,esl_lol,211724,2015-03-13T10:04:24
1,esl_lol,213069,2015-03-13T10:05:24
1,esl_lol,216130,2015-03-13T10:06:25
1,esl_lol,218072,2015-03-13T10:07:26
1,esl_lol,221226,2015-03-13T10:08:27
1,esl_lol,221226,2015-03-13T10:09:28
1,esl_lol,222538,2015-03-13T10:10:29
1,esl_lol,222538,2015-03-13T10:11:30
1,esl_lol,223420,2015-03-13T10:12:31
1,esl_lol,225666,2015-03-13T10:13:32
1,esl_lol,226307,2015-03-13T10:14:33
1,esl_lol,227423,2015-03-13T10:15:34
1,esl_lol,229341,2015-03-13T10:16:35
1,esl_lol,229711,2015-03-13T10:17:36
1,esl_lol,230721,2015-03-13T10:18:36
1,esl_lol,232489,2015-03-13T10:19:37
1,esl_lol,233682,2015-03-13T10:20:39
1,esl_lol,233568,2015-03-13T10:21:40
1,esl_lol,235250,2015-03-13T10:22:42
1,esl_lol,236637,2015-03-13T10:23:42
1,esl_lol,236637,2015-03-13T10:24:43
1,esl_lol,238347,2015-03-13T10:25:44
1,esl_lol,239879,2015-03-13T10:26:45
1,esl_lol,240737,2015-03-13T10:27:46
1,esl_lol,238598,2015-03-13T10:28:46
1,esl_lol,238803,2015-03-13T10:29:47
1,esl_lol,238803,2015-03-13T10:30:48
1,esl_lol,238861,2015-03-13T10:31:49
1,esl_lol,238819,2015-03-13T10:32:50
1,esl_lol,239353,2015-03-13T10:33:51
1,esl_lol,239278,2015-03-13T10:34:52
1,esl_lol,235653,2015-03-13T10:35:53
1,esl_lol,236303,2015-03-13T10:36:54
1,esl_lol,236840,2015-03-13T10:37:55
1,esl_lol,233111,2015-03-13T10:38:56
1,esl_lol,233111,2015-03-13T10:39:57
1,esl_lol,215716,2015-03-13T10:40:58
1,esl_lol,210524,2015-03-13T10:41:59
1,esl_lol,209604,2015-03-13T10:43:00
1,esl_lol,208148,2015-03-13T10:44:01
1,esl_lol,205841,2015-03-13T10:45:02
1,esl_lol,204231,2015-03-13T10:46:03
1,esl_lol,203170,2015-03-13T10:47:04
1,esl_lol,201233,2015-03-13T10:48:06
1,esl_lol,201233,2015-03-13T10:49:07
1,esl_lol,198901,2015-03-13T10:50:08
1,esl_lol,198246,2015-03-13T10:51:08
1,esl_lol,193124,2015-03-13T10:52:09
1,esl_lol,191300,2015-03-13T10:53:10
1,esl_lol,188685,2015-03-13T10:54:11
1,esl_lol,188153,2015-03-13T10:55:12
1,esl_lol,188206,2015-03-13T10:56:13
1,esl_lol,183513,2015-03-13T10:57:13
1,esl_lol,183278,2015-03-13T10:58:14
1,esl_lol,186068,2015-03-13T10:59:15
1,esl_lol,187600,2015-03-13T11:00:16
1,esl_lol,188598,2015-03-13T11:01:17
1,esl_lol,190810,2015-03-13T11:02:18
1,esl_lol,192420,2015-03-13T11:03:19
1,esl_lol,194219,2015-03-13T11:04:20
1,esl_lol,195731,2015-03-13T11:05:21
1,esl_lol,196099,2015-03-13T11:06:22
1,esl_lol,197363,2015-03-13T11:07:22
1,esl_lol,199776,2015-03-13T11:08:23
1,esl_lol,201349,2015-03-13T11:09:24
1,esl_lol,204144,2015-03-13T11:10:25
1,esl_lol,204947,2015-03-13T11:11:26
1,esl_lol,208021,2015-03-13T11:12:27
1,esl_lol,209345,2015-03-13T11:13:28
1,esl_lol,210196,2015-03-13T11:14:29
1,esl_lol,212707,2015-03-13T11:15:30
1,esl_lol,211680,2015-03-13T11:16:31
1,esl_lol,215190,2015-03-13T11:17:32
1,esl_lol,216576,2015-03-13T11:18:33
1,esl_lol,219607,2015-03-13T11:19:34
1,esl_lol,219607,2015-03-13T11:20:35
1,esl_lol,223211,2015-03-13T11:21:36
1,esl_lol,224475,2015-03-13T11:22:37
1,esl_lol,225266,2015-03-13T11:23:38
1,esl_lol,226499,2015-03-13T11:24:39
1,esl_lol,226974,2015-03-13T11:25:40
1,esl_lol,228256,2015-03-13T11:26:41
1,esl_lol,231246,2015-03-13T11:27:41
1,esl_lol,232411,2015-03-13T11:28:42
1,esl_lol,234140,2015-03-13T11:29:43
1,esl_lol,235399,2015-03-13T11:30:44
1,esl_lol,237049,2015-03-13T11:31:45
1,esl_lol,238250,2015-03-13T11:32:46
1,esl_lol,238250,2015-03-13T11:33:46
1,esl_lol,239518,2015-03-13T11:34:47
1,esl_lol,239864,2015-03-13T11:35:48
1,esl_lol,241167,2015-03-13T11:36:49
1,esl_lol,241147,2015-03-13T11:37:50
1,esl_lol,241147,2015-03-13T11:38:51
1,esl_lol,241113,2015-03-13T11:39:52
1,esl_lol,242172,2015-03-13T11:40:53
1,esl_lol,242848,2015-03-13T11:41:54
1,esl_lol,242805,2015-03-13T11:42:55
1,esl_lol,244690,2015-03-13T11:43:56
1,esl_lol,245761,2015-03-13T11:44:57
1,esl_lol,245114,2015-03-13T11:45:58
1,esl_lol,245179,2015-03-13T11:46:58
1,esl_lol,246462,2015-03-13T11:48:00
1,esl_lol,246266,2015-03-13T11:49:01
1,esl_lol,246266,2015-03-13T11:50:02
1,esl_lol,248211,2015-03-13T11:51:03
1,esl_lol,247956,2015-03-13T11:52:03
1,esl_lol,248297,2015-03-13T11:53:04
1,esl_lol,249296,2015-03-13T11:54:05
1,esl_lol,250276,2015-03-13T11:55:06
1,esl_lol,251535,2015-03-13T11:56:07
1,esl_lol,251540,2015-03-13T11:57:08
1,esl_lol,252535,2015-03-13T11:58:09
1,esl_lol,252672,2015-03-13T11:59:10
1,esl_lol,252972,2015-03-13T12:00:11
1,esl_lol,253487,2015-03-13T12:01:12
1,esl_lol,254783,2015-03-13T12:02:13
1,esl_lol,255019,2015-03-13T12:03:13
1,esl_lol,255851,2015-03-13T12:04:15
1,esl_lol,249334,2015-03-13T12:05:16
1,esl_lol,229442,2015-03-13T12:06:17
1,esl_lol,223987,2015-03-13T12:07:18
1,esl_lol,218937,2015-03-13T12:08:19
1,esl_lol,218292,2015-03-13T12:09:20
1,esl_lol,217536,2015-03-13T12:10:21
1,esl_lol,212135,2015-03-13T12:11:22
1,esl_lol,212135,2015-03-13T12:12:23
1,esl_lol,205454,2015-03-13T12:13:24
1,esl_lol,205647,2015-03-13T12:14:25
1,esl_lol,205647,2015-03-13T12:15:25
1,esl_lol,204214,2015-03-13T12:16:27
1,esl_lol,203497,2015-03-13T12:17:27
1,esl_lol,203596,2015-03-13T12:18:28
1,esl_lol,197959,2015-03-13T12:19:29
1,esl_lol,197612,2015-03-13T12:20:30
1,esl_lol,197348,2015-03-13T12:21:31
1,esl_lol,196640,2015-03-13T12:22:32
1,esl_lol,196829,2015-03-13T12:23:33
1,esl_lol,192237,2015-03-13T12:24:34
1,esl_lol,191431,2015-03-13T12:25:35
1,esl_lol,197529,2015-03-13T12:26:36
1,esl_lol,199274,2015-03-13T12:27:37
1,esl_lol,202749,2015-03-13T12:28:38
1,esl_lol,203509,2015-03-13T12:29:39
1,esl_lol,206067,2015-03-13T12:30:40
1,esl_lol,209191,2015-03-13T12:31:41
1,esl_lol,211526,2015-03-13T12:32:42
1,esl_lol,213241,2015-03-13T12:33:43
1,esl_lol,216843,2015-03-13T12:34:44
1,esl_lol,217347,2015-03-13T12:35:45
1,esl_lol,217404,2015-03-13T12:36:46
1,esl_lol,219222,2015-03-13T12:37:47
1,esl_lol,219562,2015-03-13T12:38:48
1,esl_lol,220093,2015-03-13T12:39:49
1,esl_lol,223380,2015-03-13T12:40:50
1,esl_lol,224094,2015-03-13T12:41:51
1,esl_lol,225200,2015-03-13T12:42:52
1,esl_lol,225925,2015-03-13T12:43:53
1,esl_lol,227911,2015-03-13T12:44:54
1,esl_lol,227911,2015-03-13T12:45:55
1,esl_lol,232409,2015-03-13T12:46:56
1,esl_lol,233207,2015-03-13T12:47:57
1,esl_lol,236715,2015-03-13T12:48:58
1,esl_lol,238810,2015-03-13T12:49:59
1,esl_lol,239572,2015-03-13T12:50:59
1,esl_lol,239443,2015-03-13T12:52:00
1,esl_lol,240886,2015-03-13T12:53:01
1,esl_lol,242367,2015-03-13T12:54:02
1,esl_lol,245956,2015-03-13T12:55:03
1,esl_lol,246760,2015-03-13T12:56:04
1,esl_lol,250527,2015-03-13T12:57:04
1,esl_lol,251611,2015-03-13T12:58:05
1,esl_lol,252012,2015-03-13T12:59:06
1,esl_lol,253739,2015-03-13T13:00:07
1,esl_lol,253514,2015-03-13T13:01:08
1,esl_lol,255837,2015-03-13T13:02:09
1,esl_lol,256258,2015-03-13T13:03:09
1,esl_lol,256969,2015-03-13T13:04:10
1,esl_lol,258303,2015-03-13T13:05:11
2,esl_lol,0,2015-03-14T06:31:12
2,esl_lol,11949,2015-03-14T06:32:53
2,esl_lol,12326,2015-03-14T06:34:34
2,esl_lol,14480,2015-03-14T06:36:16
2,esl_lol,15405,2015-03-14T06:37:57
2,esl_lol,16351,2015-03-14T06:39:38
2,esl_lol,17859,2015-03-14T06:41:20
2,esl_lol,19296,2015-03-14T06:43:01
2,esl_lol,21036,2015-03-14T06:44:42
2,esl_lol,21777,2015-03-14T06:46:23
2,esl_lol,24989,2015-03-14T06:48:05
2,esl_lol,27309,2015-03-14T06:49:46
2,esl_lol,28544,2015-03-14T06:51:28
2,esl_lol,29844,2015-03-14T06:53:09
2,esl_lol,33596,2015-03-14T06:54:50
2,esl_lol,35787,2015-03-14T06:56:33
2,esl_lol,40551,2015-03-14T06:58:14
2,esl_lol,43603,2015-03-14T06:59:56
2,esl_lol,48504,2015-03-14T07:01:37
2,esl_lol,57612,2015-03-14T07:03:19
2,esl_lol,62731,2015-03-14T07:05:00
2,esl_lol,66331,2015-03-14T07:06:42
2,esl_lol,70938,2015-03-14T07:08:23
2,esl_lol,73033,2015-03-14T07:10:05
2,esl_lol,79420,2015-03-14T07:11:47
2,esl_lol,82415,2015-03-14T07:13:28
2,esl_lol,84569,2015-03-14T07:15:09
2,esl_lol,89116,2015-03-14T07:16:51
2,esl_lol,95039,2015-03-14T07:18:32
2,esl_lol,93955,2015-03-14T07:20:14
2,esl_lol,98400,2015-03-14T07:21:55
2,esl_lol,102347,2015-03-14T07:23:37
2,esl_lol,105865,2015-03-14T07:25:18
2,esl_lol,107483,2015-03-14T07:26:59
2,esl_lol,110829,2015-03-14T07:28:41
2,esl_lol,113912,2015-03-14T07:30:22
2,esl_lol,116385,2015-03-14T07:32:03
2,esl_lol,118491,2015-03-14T07:33:44
2,esl_lol,120437,2015-03-14T07:35:26
2,esl_lol,126503,2015-03-14T07:37:07
2,esl_lol,129943,2015-03-14T07:38:49
2,esl_lol,136470,2015-03-14T07:40:30
2,esl_lol,138642,2015-03-14T07:42:11
2,esl_lol,145958,2015-03-14T07:43:53
2,esl_lol,146943,2015-03-14T07:45:35
2,esl_lol,148798,2015-03-14T07:47:16
2,esl_lol,151236,2015-03-14T07:48:57
2,esl_lol,151453,2015-03-14T07:50:39
2,esl_lol,153502,2015-03-14T07:52:20
2,esl_lol,156438,2015-03-14T07:54:01
2,esl_lol,157941,2015-03-14T07:55:42
2,esl_lol,159310,2015-03-14T07:57:24
2,esl_lol,159673,2015-03-14T07:59:05
2,esl_lol,160999,2015-03-14T08:00:47
2,esl_lol,160552,2015-03-14T08:02:28
2,esl_lol,151522,2015-03-14T08:04:10
2,esl_lol,143242,2015-03-14T08:05:51
2,esl_lol,139708,2015-03-14T08:07:32
2,esl_lol,138366,2015-03-14T08:09:13
2,esl_lol,136784,2015-03-14T08:10:55
2,esl_lol,134820,2015-03-14T08:12:37
2,esl_lol,134966,2015-03-14T08:14:18
2,esl_lol,135560,2015-03-14T08:16:00
2,esl_lol,133670,2015-03-14T08:17:41
2,esl_lol,133361,2015-03-14T08:19:23
2,esl_lol,133474,2015-03-14T08:21:04
2,esl_lol,130316,2015-03-14T08:22:45
2,esl_lol,131539,2015-03-14T08:24:27
2,esl_lol,133859,2015-03-14T08:26:09
2,esl_lol,136501,2015-03-14T08:27:50
2,esl_lol,140706,2015-03-14T08:29:32
2,esl_lol,142450,2015-03-14T08:31:13
2,esl_lol,145303,2015-03-14T08:32:54
2,esl_lol,146889,2015-03-14T08:34:36
2,esl_lol,148224,2015-03-14T08:36:17
2,esl_lol,150681,2015-03-14T08:37:58
2,esl_lol,150563,2015-03-14T08:39:39
2,esl_lol,153650,2015-03-14T08:41:20
2,esl_lol,155712,2015-03-14T08:43:02
2,esl_lol,154131,2015-03-14T08:44:43
2,esl_lol,159015,2015-03-14T08:46:25
2,esl_lol,161054,2015-03-14T08:48:06
2,esl_lol,161697,2015-03-14T08:49:47
2,esl_lol,165735,2015-03-14T08:51:29
2,esl_lol,168352,2015-03-14T08:53:10
2,esl_lol,168924,2015-03-14T08:54:51
2,esl_lol,169889,2015-03-14T08:56:32
2,esl_lol,172092,2015-03-14T08:58:14
2,esl_lol,172324,2015-03-14T08:59:55
2,esl_lol,174922,2015-03-14T09:01:36
2,esl_lol,177662,2015-03-14T09:03:18
2,esl_lol,178055,2015-03-14T09:04:59
2,esl_lol,179268,2015-03-14T09:06:41
2,esl_lol,180779,2015-03-14T09:08:22
2,esl_lol,183205,2015-03-14T09:10:03
2,esl_lol,185126,2015-03-14T09:11:45
2,esl_lol,185117,2015-03-14T09:13:26
2,esl_lol,188442,2015-03-14T09:15:07
2,esl_lol,191041,2015-03-14T09:16:48
2,esl_lol,191969,2015-03-14T09:18:29
2,esl_lol,194116,2015-03-14T09:20:10
2,esl_lol,194990,2015-03-14T09:21:52
2,esl_lol,197964,2015-03-14T09:23:32
2,esl_lol,197744,2015-03-14T09:25:14
2,esl_lol,193588,2015-03-14T09:26:55
2,esl_lol,180778,2015-03-14T09:28:37
2,esl_lol,176386,2015-03-14T09:30:18
2,esl_lol,168934,2015-03-14T09:32:00
2,esl_lol,166384,2015-03-14T09:33:41
2,esl_lol,166443,2015-03-14T09:35:22
2,esl_lol,167556,2015-03-14T09:37:03
2,esl_lol,165171,2015-03-14T09:38:45
2,esl_lol,164259,2015-03-14T09:40:26
2,esl_lol,163375,2015-03-14T09:42:08
2,esl_lol,163465,2015-03-14T09:43:49
2,esl_lol,160335,2015-03-14T09:45:30
2,esl_lol,164353,2015-03-14T09:47:11
2,esl_lol,166997,2015-03-14T09:48:53
2,esl_lol,170420,2015-03-14T09:50:34
2,esl_lol,174341,2015-03-14T09:52:17
2,esl_lol,180136,2015-03-14T09:53:58
2,esl_lol,183885,2015-03-14T09:55:40
2,esl_lol,189331,2015-03-14T09:57:22
2,esl_lol,192969,2015-03-14T09:59:03
2,esl_lol,194453,2015-03-14T10:00:45
2,esl_lol,203116,2015-03-14T10:02:27
2,esl_lol,205987,2015-03-14T10:04:09
2,esl_lol,208861,2015-03-14T10:05:50
2,esl_lol,213270,2015-03-14T10:07:32
2,esl_lol,216222,2015-03-14T10:09:13
2,esl_lol,221360,2015-03-14T10:10:55
2,esl_lol,227605,2015-03-14T10:12:36
2,esl_lol,227643,2015-03-14T10:14:17
2,esl_lol,233055,2015-03-14T10:15:58
2,esl_lol,233864,2015-03-14T10:17:40
2,esl_lol,235928,2015-03-14T10:19:21
2,esl_lol,238411,2015-03-14T10:21:03
2,esl_lol,242857,2015-03-14T10:22:44
2,esl_lol,243974,2015-03-14T10:24:25
2,esl_lol,244717,2015-03-14T10:26:07
2,esl_lol,259456,2015-03-14T10:27:48
2,esl_lol,259548,2015-03-14T10:29:29
2,esl_lol,263174,2015-03-14T10:31:11
2,esl_lol,261550,2015-03-14T10:32:52
2,esl_lol,264712,2015-03-14T10:34:34
2,esl_lol,264197,2015-03-14T10:36:15
2,esl_lol,265081,2015-03-14T10:37:57
2,esl_lol,267134,2015-03-14T10:39:38
2,esl_lol,270975,2015-03-14T10:41:20
2,esl_lol,271722,2015-03-14T10:43:01
2,esl_lol,272634,2015-03-14T10:44:42
2,esl_lol,269827,2015-03-14T10:46:25
2,esl_lol,247219,2015-03-14T10:48:06
2,esl_lol,238517,2015-03-14T10:49:48
2,esl_lol,232472,2015-03-14T10:51:30
2,esl_lol,231612,2015-03-14T10:53:11
2,esl_lol,223868,2015-03-14T10:54:52
2,esl_lol,160113,2015-03-14T10:58:15
2,esl_lol,182653,2015-03-14T10:59:56
2,esl_lol,188474,2015-03-14T11:01:37
2,esl_lol,191259,2015-03-14T11:03:19
2,esl_lol,203242,2015-03-14T11:05:00
2,esl_lol,207925,2015-03-14T11:06:42
2,esl_lol,214350,2015-03-14T11:08:23
2,esl_lol,221024,2015-03-14T11:10:05
2,esl_lol,223799,2015-03-14T11:11:47
2,esl_lol,227952,2015-03-14T11:13:28
2,esl_lol,232722,2015-03-14T11:15:09
2,esl_lol,236996,2015-03-14T11:16:51
2,esl_lol,243167,2015-03-14T11:18:32
2,esl_lol,246040,2015-03-14T11:20:14
2,esl_lol,252838,2015-03-14T11:21:55
2,esl_lol,258063,2015-03-14T11:23:36
2,esl_lol,261449,2015-03-14T11:25:18
2,esl_lol,265930,2015-03-14T11:26:59
2,esl_lol,269394,2015-03-14T11:28:41
2,esl_lol,271004,2015-03-14T11:30:22
2,esl_lol,274421,2015-03-14T11:32:03
2,esl_lol,274193,2015-03-14T11:33:45
2,esl_lol,277247,2015-03-14T11:35:26
2,esl_lol,280875,2015-03-14T11:37:07
2,esl_lol,280946,2015-03-14T11:38:49
2,esl_lol,281865,2015-03-14T11:40:31
2,esl_lol,284219,2015-03-14T11:42:12
2,esl_lol,288615,2015-03-14T11:43:53
2,esl_lol,289421,2015-03-14T11:45:35
2,esl_lol,291262,2015-03-14T11:47:16
2,esl_lol,290631,2015-03-14T11:48:57
2,esl_lol,291274,2015-03-14T11:50:38
2,esl_lol,293517,2015-03-14T11:52:20
2,esl_lol,294809,2015-03-14T11:54:02
2,esl_lol,297739,2015-03-14T11:55:43
2,esl_lol,300385,2015-03-14T11:57:25
2,esl_lol,301930,2015-03-14T11:59:06
2,esl_lol,297323,2015-03-14T12:00:47
2,esl_lol,271940,2015-03-14T12:02:29
2,esl_lol,258425,2015-03-14T12:04:10
2,esl_lol,248209,2015-03-14T12:05:52
2,esl_lol,245451,2015-03-14T12:07:33
2,esl_lol,243269,2015-03-14T12:09:15
2,esl_lol,237821,2015-03-14T12:10:57
2,esl_lol,245148,2015-03-14T12:12:38
2,esl_lol,247655,2015-03-14T12:14:20
2,esl_lol,255047,2015-03-14T12:16:01
2,esl_lol,259874,2015-03-14T12:17:42
2,esl_lol,268359,2015-03-14T12:19:23
2,esl_lol,269002,2015-03-14T12:21:04
2,esl_lol,273195,2015-03-14T12:22:46
2,esl_lol,276514,2015-03-14T12:24:27
2,esl_lol,289490,2015-03-14T12:26:09
2,esl_lol,298328,2015-03-14T12:27:50
2,esl_lol,301631,2015-03-14T12:29:31
2,esl_lol,305707,2015-03-14T12:31:13
2,esl_lol,310403,2015-03-14T12:32:54
2,esl_lol,312842,2015-03-14T12:34:36
2,esl_lol,319182,2015-03-14T12:36:17
2,esl_lol,320030,2015-03-14T12:37:58
2,esl_lol,322864,2015-03-14T12:39:40
2,esl_lol,325886,2015-03-14T12:41:21
2,esl_lol,327466,2015-03-14T12:43:03
2,esl_lol,328700,2015-03-14T12:44:44
2,esl_lol,331448,2015-03-14T12:46:25
2,esl_lol,331499,2015-03-14T12:48:07
2,esl_lol,329598,2015-03-14T12:49:48
2,esl_lol,329591,2015-03-14T12:51:29
2,esl_lol,329800,2015-03-14T12:53:11
2,esl_lol,329219,2015-03-14T12:54:53
2,esl_lol,330820,2015-03-14T12:56:34
2,esl_lol,331817,2015-03-14T12:58:15
2,esl_lol,293399,2015-03-14T12:59:56
2,esl_lol,272622,2015-03-14T13:01:38
2,esl_lol,268053,2015-03-14T13:03:19
2,esl_lol,262758,2015-03-14T13:05:00
2,esl_lol,257937,2015-03-14T13:06:42
2,esl_lol,235403,2015-03-14T13:08:23
2,esl_lol,232496,2015-03-14T13:10:05
2,esl_lol,224459,2015-03-14T13:11:46
2,esl_lol,218325,2015-03-14T13:13:28
2,esl_lol,216991,2015-03-14T13:15:10
2,esl_lol,220077,2015-03-14T13:16:51
2,esl_lol,221364,2015-03-14T13:18:32
2,esl_lol,223845,2015-03-14T13:20:14
2,esl_lol,225511,2015-03-14T13:21:55
2,esl_lol,230044,2015-03-14T13:23:37
2,esl_lol,230639,2015-03-14T13:25:18
2,esl_lol,232576,2015-03-14T13:26:59
2,esl_lol,234720,2015-03-14T13:28:41
2,esl_lol,234290,2015-03-14T13:30:22
2,esl_lol,234966,2015-03-14T13:32:03
2,esl_lol,240334,2015-03-14T13:33:44
2,esl_lol,245603,2015-03-14T13:35:26
2,esl_lol,251211,2015-03-14T13:37:07
2,esl_lol,251818,2015-03-14T13:38:48
2,esl_lol,256345,2015-03-14T13:40:30
2,esl_lol,259459,2015-03-14T13:42:11
2,esl_lol,260947,2015-03-14T13:43:53
2,esl_lol,263026,2015-03-14T13:45:34
2,esl_lol,264490,2015-03-14T13:47:15
2,esl_lol,265687,2015-03-14T13:48:57
2,esl_lol,267107,2015-03-14T13:50:38
2,esl_lol,267647,2015-03-14T13:52:20
2,esl_lol,268794,2015-03-14T13:54:02
2,esl_lol,266264,2015-03-14T13:55:44
2,esl_lol,266029,2015-03-14T13:57:27
2,esl_lol,270280,2015-03-14T13:59:08
2,esl_lol,262165,2015-03-14T14:00:50
2,esl_lol,260851,2015-03-14T14:02:31
2,esl_lol,259386,2015-03-14T14:04:12
2,esl_lol,258752,2015-03-14T14:05:54
2,esl_lol,255436,2015-03-14T14:07:35
2,esl_lol,247607,2015-03-14T14:09:17
2,esl_lol,234811,2015-03-14T14:10:58
2,esl_lol,229399,2015-03-14T14:12:40
2,esl_lol,224002,2015-03-14T14:14:22
2,esl_lol,216293,2015-03-14T14:16:03
2,esl_lol,215189,2015-03-14T14:17:44
2,esl_lol,212951,2015-03-14T14:19:26
2,esl_lol,207036,2015-03-14T14:21:07
2,esl_lol,211315,2015-03-14T14:22:48
2,esl_lol,214191,2015-03-14T14:24:30
2,esl_lol,218648,2015-03-14T14:26:11
2,esl_lol,219774,2015-03-14T14:27:53
2,esl_lol,221757,2015-03-14T14:29:34
2,esl_lol,223946,2015-03-14T14:31:15
2,esl_lol,228124,2015-03-14T14:32:56
2,esl_lol,231184,2015-03-14T14:34:37
2,esl_lol,232365,2015-03-14T14:36:19
2,esl_lol,235377,2015-03-14T14:38:00
2,esl_lol,237755,2015-03-14T14:39:41
2,esl_lol,239944,2015-03-14T14:41:23
2,esl_lol,240376,2015-03-14T14:43:04
2,esl_lol,241699,2015-03-14T14:44:46
2,esl_lol,242153,2015-03-14T14:46:27
2,esl_lol,245189,2015-03-14T14:48:09
2,esl_lol,245812,2015-03-14T14:49:50
2,esl_lol,246809,2015-03-14T14:51:31
2,esl_lol,250326,2015-03-14T14:53:13
2,esl_lol,249981,2015-03-14T14:54:55
2,esl_lol,252788,2015-03-14T14:56:37
2,esl_lol,253009,2015-03-14T14:58:18
2,esl_lol,253931,2015-03-14T15:00:00
2,esl_lol,255451,2015-03-14T15:01:41
2,esl_lol,245214,2015-03-14T15:03:23
2,esl_lol,239436,2015-03-14T15:05:04
2,esl_lol,234462,2015-03-14T15:06:46
2,esl_lol,226279,2015-03-14T15:08:27
2,esl_lol,223910,2015-03-14T15:10:09
2,esl_lol,223184,2015-03-14T15:11:50
2,esl_lol,219008,2015-03-14T15:13:31
2,esl_lol,220248,2015-03-14T15:15:12
2,esl_lol,221640,2015-03-14T15:16:54
2,esl_lol,229206,2015-03-14T15:18:35
2,esl_lol,236883,2015-03-14T15:20:17
2,esl_lol,237473,2015-03-14T15:21:58
2,esl_lol,241598,2015-03-14T15:23:39
2,esl_lol,247300,2015-03-14T15:25:21
2,esl_lol,249046,2015-03-14T15:27:03
2,esl_lol,252007,2015-03-14T15:28:44
2,esl_lol,255339,2015-03-14T15:30:26
2,esl_lol,257425,2015-03-14T15:32:07
2,esl_lol,257834,2015-03-14T15:33:48
2,esl_lol,270174,2015-03-14T15:35:30
2,esl_lol,262125,2015-03-14T15:37:12
2,esl_lol,263752,2015-03-14T15:38:53
2,esl_lol,264716,2015-03-14T15:40:35
2,esl_lol,267424,2015-03-14T15:42:17
2,esl_lol,267758,2015-03-14T15:43:58
2,esl_lol,270565,2015-03-14T15:45:40
2,esl_lol,274068,2015-03-14T15:47:21
2,esl_lol,275153,2015-03-14T15:49:03
2,esl_lol,275759,2015-03-14T15:50:44
2,esl_lol,274327,2015-03-14T15:52:48
2,esl_lol,249191,2015-03-14T15:54:30
2,esl_lol,241539,2015-03-14T15:56:12
2,esl_lol,232474,2015-03-14T15:57:53
2,esl_lol,226054,2015-03-14T15:59:36
2,esl_lol,221286,2015-03-14T16:01:17
2,esl_lol,214046,2015-03-14T16:02:59
2,esl_lol,166228,2015-03-14T16:04:40
2,esl_lol,126686,2015-03-14T16:06:22
3,esl_lol,0,2015-03-15T13:29:41
3,esl_lol,60019,2015-03-15T13:30:44
3,esl_lol,120478,2015-03-15T13:31:45
3,esl_lol,133559,2015-03-15T13:32:46
3,esl_lol,152099,2015-03-15T13:33:47
3,esl_lol,168176,2015-03-15T13:34:48
3,esl_lol,177834,2015-03-15T13:35:49
3,esl_lol,186673,2015-03-15T13:36:50
3,esl_lol,187681,2015-03-15T13:37:51
3,esl_lol,187338,2015-03-15T13:38:52
3,esl_lol,190185,2015-03-15T13:39:53
3,esl_lol,193950,2015-03-15T13:40:53
3,esl_lol,197298,2015-03-15T13:41:54
3,esl_lol,199390,2015-03-15T13:42:55
3,esl_lol,206862,2015-03-15T13:43:56
3,esl_lol,209134,2015-03-15T13:44:57
3,esl_lol,214464,2015-03-15T13:45:58
3,esl_lol,216386,2015-03-15T13:46:59
3,esl_lol,223507,2015-03-15T13:48:00
3,esl_lol,224810,2015-03-15T13:49:01
3,esl_lol,239285,2015-03-15T13:50:02
3,esl_lol,239285,2015-03-15T13:51:03
3,esl_lol,267262,2015-03-15T13:52:04
3,esl_lol,284970,2015-03-15T13:53:05
3,esl_lol,284970,2015-03-15T13:54:06
3,esl_lol,300571,2015-03-15T13:55:07
3,esl_lol,305467,2015-03-15T13:56:07
3,esl_lol,319414,2015-03-15T13:57:08
3,esl_lol,325443,2015-03-15T13:58:09
3,esl_lol,328353,2015-03-15T13:59:10
3,esl_lol,334140,2015-03-15T14:00:11
3,esl_lol,341225,2015-03-15T14:01:12
3,esl_lol,348616,2015-03-15T14:02:12
3,esl_lol,357297,2015-03-15T14:03:13
3,esl_lol,366644,2015-03-15T14:04:14
3,esl_lol,366644,2015-03-15T14:05:15
3,esl_lol,372920,2015-03-15T14:06:16
3,esl_lol,379999,2015-03-15T14:07:17
3,esl_lol,391616,2015-03-15T14:08:17
3,esl_lol,393663,2015-03-15T14:09:18
3,esl_lol,399579,2015-03-15T14:10:19
3,esl_lol,405750,2015-03-15T14:11:20
3,esl_lol,408843,2015-03-15T14:12:21
3,esl_lol,418190,2015-03-15T14:13:22
3,esl_lol,418190,2015-03-15T14:14:23
3,esl_lol,418190,2015-03-15T14:15:24
3,esl_lol,428756,2015-03-15T14:16:25
3,esl_lol,431927,2015-03-15T14:17:26
3,esl_lol,437057,2015-03-15T14:18:27
3,esl_lol,443968,2015-03-15T14:19:28
3,esl_lol,449239,2015-03-15T14:20:29
3,esl_lol,449239,2015-03-15T14:21:30
3,esl_lol,452607,2015-03-15T14:22:30
3,esl_lol,460735,2015-03-15T14:23:31
3,esl_lol,463407,2015-03-15T14:24:32
3,esl_lol,463813,2015-03-15T14:25:33
3,esl_lol,470188,2015-03-15T14:26:34
3,esl_lol,471144,2015-03-15T14:27:35
3,esl_lol,472385,2015-03-15T14:28:35
3,esl_lol,474870,2015-03-15T14:29:36
3,esl_lol,479922,2015-03-15T14:30:37
3,esl_lol,480637,2015-03-15T14:31:38
3,esl_lol,483560,2015-03-15T14:32:39
3,esl_lol,484494,2015-03-15T14:33:40
3,esl_lol,486123,2015-03-15T14:34:41
3,esl_lol,486123,2015-03-15T14:35:42
3,esl_lol,489209,2015-03-15T14:36:43
3,esl_lol,494409,2015-03-15T14:37:44
3,esl_lol,495773,2015-03-15T14:38:45
3,esl_lol,498203,2015-03-15T14:39:46
3,esl_lol,499710,2015-03-15T14:40:46
3,esl_lol,500637,2015-03-15T14:41:48
3,esl_lol,502382,2015-03-15T14:42:48
3,esl_lol,500709,2015-03-15T14:43:49
3,esl_lol,500894,2015-03-15T14:44:50
3,esl_lol,504050,2015-03-15T14:45:51
3,esl_lol,504900,2015-03-15T14:46:52
3,esl_lol,502556,2015-03-15T14:47:53
3,esl_lol,506249,2015-03-15T14:48:54
3,esl_lol,507555,2015-03-15T14:49:55
3,esl_lol,507555,2015-03-15T14:50:56
3,esl_lol,513715,2015-03-15T14:51:56
3,esl_lol,520692,2015-03-15T14:52:57
3,esl_lol,526149,2015-03-15T14:53:58
3,esl_lol,527274,2015-03-15T14:54:59
3,esl_lol,488302,2015-03-15T14:56:00
3,esl_lol,485800,2015-03-15T14:57:01
3,esl_lol,480437,2015-03-15T14:58:02
3,esl_lol,463296,2015-03-15T14:59:03
3,esl_lol,452600,2015-03-15T15:00:05
3,esl_lol,450692,2015-03-15T15:01:06
3,esl_lol,448634,2015-03-15T15:02:07
3,esl_lol,435525,2015-03-15T15:03:08
3,esl_lol,432572,2015-03-15T15:04:09
3,esl_lol,434168,2015-03-15T15:05:10
3,esl_lol,438000,2015-03-15T15:06:11
3,esl_lol,443904,2015-03-15T15:07:12
3,esl_lol,447009,2015-03-15T15:08:13
3,esl_lol,456968,2015-03-15T15:09:14
3,esl_lol,456968,2015-03-15T15:10:15
3,esl_lol,468804,2015-03-15T15:11:16
3,esl_lol,476654,2015-03-15T15:12:17
3,esl_lol,480226,2015-03-15T15:13:18
3,esl_lol,481131,2015-03-15T15:14:19
3,esl_lol,486413,2015-03-15T15:15:19
3,esl_lol,485031,2015-03-15T15:16:20
3,esl_lol,485031,2015-03-15T15:17:21
3,esl_lol,494346,2015-03-15T15:18:22
3,esl_lol,503644,2015-03-15T15:19:23
3,esl_lol,508174,2015-03-15T15:20:24
3,esl_lol,509690,2015-03-15T15:21:25
3,esl_lol,515434,2015-03-15T15:22:26
3,esl_lol,516773,2015-03-15T15:23:26
3,esl_lol,516773,2015-03-15T15:24:27
3,esl_lol,519434,2015-03-15T15:25:28
3,esl_lol,519434,2015-03-15T15:26:29
3,esl_lol,524684,2015-03-15T15:27:30
3,esl_lol,526688,2015-03-15T15:28:31
3,esl_lol,533338,2015-03-15T15:29:32
3,esl_lol,535192,2015-03-15T15:30:33
3,esl_lol,538913,2015-03-15T15:31:34
3,esl_lol,541065,2015-03-15T15:32:36
3,esl_lol,543404,2015-03-15T15:33:37
3,esl_lol,543404,2015-03-15T15:34:37
3,esl_lol,541607,2015-03-15T15:35:38
3,esl_lol,545299,2015-03-15T15:36:39
3,esl_lol,545714,2015-03-15T15:37:41
3,esl_lol,547759,2015-03-15T15:38:42
3,esl_lol,548746,2015-03-15T15:39:44
3,esl_lol,550263,2015-03-15T15:40:45
3,esl_lol,551043,2015-03-15T15:41:46
3,esl_lol,550620,2015-03-15T15:42:47
3,esl_lol,550941,2015-03-15T15:43:48
3,esl_lol,554462,2015-03-15T15:44:49
3,esl_lol,554051,2015-03-15T15:45:50
3,esl_lol,557804,2015-03-15T15:46:51
3,esl_lol,556398,2015-03-15T15:47:52
3,esl_lol,516766,2015-03-15T15:48:53
3,esl_lol,516766,2015-03-15T15:49:53
3,esl_lol,500844,2015-03-15T15:50:54
3,esl_lol,488354,2015-03-15T15:51:55
3,esl_lol,484308,2015-03-15T15:52:56
3,esl_lol,474831,2015-03-15T15:53:57
3,esl_lol,474289,2015-03-15T15:54:58
3,esl_lol,473015,2015-03-15T15:55:58
3,esl_lol,468294,2015-03-15T15:56:59
3,esl_lol,457530,2015-03-15T15:58:00
3,esl_lol,462146,2015-03-15T15:59:01
3,esl_lol,462146,2015-03-15T16:00:02
3,esl_lol,479670,2015-03-15T16:01:03
3,esl_lol,482228,2015-03-15T16:02:04
3,esl_lol,489745,2015-03-15T16:03:05
3,esl_lol,494678,2015-03-15T16:04:06
3,esl_lol,494678,2015-03-15T16:05:07
3,esl_lol,504343,2015-03-15T16:06:08
3,esl_lol,501640,2015-03-15T16:07:09
3,esl_lol,505620,2015-03-15T16:08:10
3,esl_lol,512848,2015-03-15T16:09:11
3,esl_lol,521890,2015-03-15T16:10:12
3,esl_lol,525650,2015-03-15T16:11:13
3,esl_lol,527417,2015-03-15T16:12:14
3,esl_lol,534010,2015-03-15T16:13:14
3,esl_lol,535887,2015-03-15T16:14:15
3,esl_lol,538945,2015-03-15T16:15:16
3,esl_lol,540240,2015-03-15T16:16:17
3,esl_lol,543089,2015-03-15T16:17:18
3,esl_lol,544932,2015-03-15T16:18:19
3,esl_lol,546788,2015-03-15T16:19:20
3,esl_lol,546788,2015-03-15T16:20:20
3,esl_lol,549829,2015-03-15T16:21:21
3,esl_lol,550249,2015-03-15T16:22:22
3,esl_lol,549868,2015-03-15T16:23:23
3,esl_lol,551373,2015-03-15T16:24:24
3,esl_lol,551713,2015-03-15T16:25:25
3,esl_lol,551713,2015-03-15T16:26:26
3,esl_lol,554341,2015-03-15T16:27:27
3,esl_lol,554081,2015-03-15T16:28:28
3,esl_lol,555189,2015-03-15T16:29:29
3,esl_lol,554946,2015-03-15T16:30:29
3,esl_lol,555496,2015-03-15T16:31:30
3,esl_lol,557307,2015-03-15T16:32:31
3,esl_lol,559307,2015-03-15T16:33:32
3,esl_lol,555714,2015-03-15T16:34:33
3,esl_lol,534107,2015-03-15T16:35:34
3,esl_lol,479895,2015-03-15T16:36:36
3,esl_lol,464427,2015-03-15T16:37:37
3,esl_lol,450009,2015-03-15T16:38:38
3,esl_lol,434821,2015-03-15T16:39:40
3,esl_lol,293341,2015-03-15T16:40:41
3,esl_lol,254610,2015-03-15T16:41:43
3,esl_lol,193231,2015-03-15T16:42:44
3,esl_lol,152724,2015-03-15T16:43:44
3,esl_lol,147067,2015-03-15T16:44:45
3,esl_lol,123822,2015-03-15T16:45:46
3,esl_lol,139602,2015-03-15T16:46:47
3,esl_lol,134007,2015-03-15T16:47:48
3,esl_lol,115876,2015-03-15T16:48:50
3,esl_lol,115876,2015-03-15T16:49:51
3,esl_lol,112651,2015-03-15T16:50:51
3,esl_lol,0,2015-03-15T16:58:59
